Feature ID	Taxon	Consensus
006ed95571653a1ac8d5814cfef21efe	Unassigned	1.0
00786d24be40bad8f6dda908d6a96a52	Unassigned	1.0
0087e447206dd0394d1d7c61b9b9472f	Unassigned	1.0
008847636dd2d534ddf8b922f845939e	Unassigned	1.0
01a1c09c5eafa291c6917ee95a12f4c0	Unassigned	1.0
02bafbc5905eefa62c9222f4dd8d5576	Unassigned	1.0
0320d31c2b66b28115ff27b1888920df	Unassigned	1.0
05c9e924d3a6f5d58cc09e50a8ae66ab	Unassigned	1.0
07bbdb169b2b1bf1400b34c0e2820e94	Unassigned	1.0
094b9ef825ab6c05f32875dc32d869a6	Unassigned	1.0
0ad5b4c1c3e8cfbc4d5cf2236243ab5e	Unassigned	1.0
0b3cd5275d547ee638cb205ad3d968f8	Unassigned	1.0
0ce20299a4291b9b91e34e4a2a4ea745	Unassigned	1.0
0e8840280d0992de38adeec839ba1140	Unassigned	1.0
0ec90d0ee9d51266a6b500679e83ded2	Unassigned	1.0
0f6a8a888db44a87cdd2c01942a4afe8	Unassigned	1.0
10d84988ecd3f258dee50bfaf34304c9	Unassigned	1.0
114b46770eac035f21d947be8bc72d24	Unassigned	1.0
11d2f3c12f37ca0a72af0bf4df1f5149	Unassigned	1.0
121b5a6d274c9be4182dc752c20e65cc	Unassigned	1.0
12d60c5900ad9e95d3d83d42fc88ac10	Unassigned	1.0
13b94d344f6d16a529ea58fd4a657c15	Unassigned	1.0
155fe624685042b04b0d6ca494eb6ae5	Unassigned	1.0
15e4142927b33dc542cf15099f9372de	Unassigned	1.0
1803399ec04df211d430652c5b0f0674	Unassigned	1.0
193a144cfd25e74f0df22f883e4f8242	Unassigned	1.0
19804e9f906912a89b0b6d70f53754e6	Unassigned	1.0
19acf9241a49c909fca68951c98329c3	Unassigned	1.0
19e7c33bb811a7cb18d050aee9a088be	Unassigned	1.0
19e860799193ee8e95a9056fb4341a4c	Unassigned	1.0
19ff7a1a3186aa66df3bc77747571707	Unassigned	1.0
1b4652a4aa75471bcdb6136349317914	Unassigned	1.0
1bf7ecd0d3845ab33d14c7b7a232538d	Unassigned	1.0
1d0cf6fd547c322df4ab18ba0a201092	Unassigned	1.0
1f25c81e38e1bd833a2facad52b16b7f	Unassigned	1.0
1f7b8f4cf387738b304003e8ec80ab7e	Unassigned	1.0
2010aa8e84e60d4a8f4eeafcbdbf18de	Unassigned	1.0
22f857ebc41618363f5431af1a466c6c	Unassigned	1.0
23be31c84f6ebcec7c16b88d2ea2c365	Unassigned	1.0
247983d4a59e4e39d0ebd5fcadcb74a6	Unassigned	1.0
24844244c36a9b09e9a8701267d38612	Unassigned	1.0
2604cda0e438b16eeb94c27b15f417f8	Unassigned	1.0
265b24512f7f56434134a53a9603728d	Unassigned	1.0
26b646ed375148df0dc5bdfd8239f53a	Unassigned	1.0
274005fc7a84eb6a2f36916a8896e27b	Unassigned	1.0
28784d9bbec2e189c63cde18aa8a1b34	Unassigned	1.0
2a002080994d8b35c56ff220898539a2	Unassigned	1.0
2a1735d4268824976bba3c54552c240b	Unassigned	1.0
2a1e6db363f6b76ecaeca90e976999b6	Unassigned	1.0
2a3d3bac476c2c0f3718c5aaa7b831ac	Unassigned	1.0
2acf83d530eaa0cf2a083e7b6c9fcc00	Unassigned	1.0
2b884bea9b3efba38e28c989535b7e99	Unassigned	1.0
2c468631175b01f291f06c69ae2954ce	Unassigned	1.0
2e107290028c674a97b836ee5c4c3289	Unassigned	1.0
2eff05ccb377ecb87b11f19c805608e2	Unassigned	1.0
2f367f24b5829524840c8024e46ac601	Unassigned	1.0
2fc15cbae352e62a97628f0a4e0e08fb	Unassigned	1.0
2fdff91eeb133caa5f2c066c0660c068	Unassigned	1.0
31fdf572b71bfac629a5f9ced14079ef	Unassigned	1.0
328e8513cd8933a192390666f3d61962	Unassigned	1.0
34f537ec1d11735cbe23a7c1bc95f633	Unassigned	1.0
38a87abc2bd68f8fa8513e98e3137357	Unassigned	1.0
3951d623c092969ef341ab200cd75043	Unassigned	1.0
39bf84fd3f28f834ca278b967b9631a4	Unassigned	1.0
3cffab18843b49d56ef0838429a617aa	Unassigned	1.0
3db1b7a9fcfb723c99f19397b16ab5a3	Unassigned	1.0
41f614aacb7238639267e6bcdc504609	Unassigned	1.0
456298a284e0e1d86574a73827531e82	Unassigned	1.0
4586e54952abe91ce28ad310f2fb8aa1	Unassigned	1.0
4800fc503adce8eca4288d3b8886666f	Unassigned	1.0
4944c6fec30ebcb64f21839f85603196	Unassigned	1.0
49ae08cfef443103a1217653e7d92ade	Unassigned	1.0
49befc84c40f63a66e7215b585354b4d	Unassigned	1.0
4b1f97088e54d38ca92ce8b7862297bb	Unassigned	1.0
4bc3ea13a118fd289c7fb2b540f23284	Unassigned	1.0
4be43e1bfbb25d10b2ae7efe81daac16	Unassigned	1.0
4f426756b5e289fd9dfe9f1988fcc8a0	Unassigned	1.0
5017e05c5c6a8e089125deb441703bee	Unassigned	1.0
504d5540ce47d436ef44c7e7456544d9	Unassigned	1.0
509a3dc82da9f682ac6864886c91a6d7	Unassigned	1.0
510aac28c5165c6f545ee508541b79f5	Unassigned	1.0
522312232cb2828c15c124872d96999c	Unassigned	1.0
549a9d7a348ad511f151c8d8c65fd079	Unassigned	1.0
563e43e628ac5cc34d5cca3bdfd7d734	Unassigned	1.0
564003dbfe7d0c7c9367be08a0cc06d4	Unassigned	1.0
56dccef07daa1faf66df9e3145498153	Unassigned	1.0
58c895cc830f0d1b22c6ea54d50809e9	Unassigned	1.0
59a84b297a72b2c78d2a78102f3d72fd	Unassigned	1.0
5a45ad22faae76411e6179cde32775c2	Unassigned	1.0
5ae7be38d7295e1690c4aa44d413340a	Unassigned	1.0
5b0a0670b6d422f40d10b571d6a25021	Unassigned	1.0
5b0d0e565bf6031b14928af139fd613f	Unassigned	1.0
5bba9e0ab9f2e7887ce54cb71acb8dc9	Unassigned	1.0
5c57995262955aeb70fb1943d88d9da3	Unassigned	1.0
5cb3eda0608b118f0dc2ab8c5a369c86	Unassigned	1.0
5e46f8c3127a89543487474dbfaa28b0	Unassigned	1.0
5ebdc9fbae4e5a130b7a82d1dfc326f9	Unassigned	1.0
5f78bd1629efcdd53842832fdb462172	Unassigned	1.0
5ff0107deb09924fa93bb980c31b59a8	Unassigned	1.0
5ffff12dd8acb80394dd3f17b693bea3	Unassigned	1.0
6006fb739ef6c0faf6d0ee6599a52657	Unassigned	1.0
60e546201a50e869a64606ddb091a5df	Unassigned	1.0
655694cbd8e61b50d24ecdf559f93c47	Unassigned	1.0
658bf13a8ed00e4983d2707059c394c3	Unassigned	1.0
658f1c895a13e8029d61e0b3a94a91c6	Unassigned	1.0
66ed3bd7307dc2139207392cfca10e8a	Unassigned	1.0
67f21dc9ca47f8b4150cd6f7c7f16c53	Unassigned	1.0
68402abe75daa5bc6a5f0221ccc0b1d5	Unassigned	1.0
6a664606b077708f82e6e138c7365ce2	Unassigned	1.0
6abfef97c70f5b7b926bc79148e46261	Unassigned	1.0
6c4ecf8209ae7ee4fd3b671d8b8d6e47	Unassigned	1.0
6d24544d3245c79f9f0b2ab8088852a8	Unassigned	1.0
6ee65297a3a01ceaba896eb44bd8d0f7	Unassigned	1.0
7296ce612f4b227da7da565842e66cd7	Unassigned	1.0
736115537934ac2c427779414a1670af	Unassigned	1.0
762c4213779f892963f1e9b12b9d5063	Unassigned	1.0
764b3f6e8d19aede05f882a419a6ea05	Unassigned	1.0
7790bb4bccfa348bb29327aa1e023bc0	Unassigned	1.0
77f8bba234caca33d0e0f49cc3c02f69	Unassigned	1.0
77fd859c0708c82afbb9ba7e6bb5ddf7	Unassigned	1.0
7a9bb69fafc71aed6788ed1bc5f85bd1	Unassigned	1.0
7b5a1bb8662e820228a84042c2bb35e9	Unassigned	1.0
7c32287e5fbf12764fe2bfa2c8dba77f	Unassigned	1.0
7d3d90275b722d17052534221b9f3c20	Unassigned	1.0
7d4b422961f70bc369364dbcf93058eb	Unassigned	1.0
7dc86a49668eac529e45b13c5bd4315e	Unassigned	1.0
7e9c4b5d85a92993ea33b0c05c434c73	Unassigned	1.0
7ee2071989ea733567785309086a467a	Unassigned	1.0
8101f9488a1d7c3b4b03e4b8ed72e46d	Unassigned	1.0
8142d5b53ac9e22c0f9af4f476008239	Unassigned	1.0
829ccd1a37e6dbb97f8cba01a0027b27	Unassigned	1.0
83ad26382134530d9e425f1d2b57b8d1	Unassigned	1.0
8421143e9889f221ddfff6cdf73303e3	Unassigned	1.0
844a8210e39b84c5aee762d1a0800231	Unassigned	1.0
87bbdaebf91a510f17f08691b9a899f4	Unassigned	1.0
88f8cfd29b4d0e002acb02b8cabb71d9	Unassigned	1.0
89b4109553a2fb16af52ddd3c9012fa9	Unassigned	1.0
8a3af12893e159d4356ecb0584c97eb1	Unassigned	1.0
8c0ca5fd7df365a0f3a9e5d1e4f75c7c	Unassigned	1.0
8dcf12d6f481ed92b0132e2bfdc9997e	Unassigned	1.0
8e09734ff0443851ab5b73b5d2b81207	Unassigned	1.0
8e451929db9cee5427c5cb2e42b282cf	Unassigned	1.0
8ed00085e07b6fa27921329a02ec4fb0	Unassigned	1.0
8efbccd1c8791375dc2916a755860231	Unassigned	1.0
9520cc33b913c8de6a1b9091a4ce4dd0	Unassigned	1.0
97503df2155bc211e3c0742721a9af6f	Unassigned	1.0
9770bb011fbdb62a0836772aa7a0fe8f	Unassigned	1.0
97c789eb69321cb616c3042b77e5c1ec	Unassigned	1.0
9bcf6a9584a7fe265b14cefe4a28545a	Unassigned	1.0
9beb26a5a6013aa14b0bd68df4fb8fc2	Unassigned	1.0
9dc641a4d0f72102c7cbc1877751d26c	Unassigned	1.0
9e1f13bebc92262107c7dcd8fb378527	Unassigned	1.0
9eea14dc4e2b7f3c463602fdbdbcccc4	Unassigned	1.0
9f453e54c195d3db3b6d9ead6257f69c	Unassigned	1.0
AB030220	k__Bacteria; p__Firmicutes; c__Erysipelotrichia; o__Erysipelotrichales; f__Erysipelotrichaceae; g__Coprobacillus; s__Coprobacillus_cateniformis	0.8
AB050111	k__Bacteria; p__Bacteroidetes; c__Bacteroidia; o__Bacteroidales; f__Bacteroidaceae; g__Bacteroides; s__Bacteroides_vulgatus	1.0
AB109770	k__Bacteria; p__Firmicutes; c__Clostridia; o__Clostridiales; f__Family_XI; g__Finegoldia; s__Finegoldia_magna	0.8
AB233029	k__Bacteria; p__Firmicutes; c__Clostridia; o__Clostridiales; f__Lachnospiraceae; g__Lachnoclostridium; s__Clostridium_glycyrrhizinilyticum	1.0
AB238924	k__Bacteria; p__Bacteroidetes; c__Bacteroidia; o__Bacteroidales; f__Porphyromonadaceae; g__Parabacteroides; s__Parabacteroides_distasonis	1.0
AB238928	k__Bacteria; p__Bacteroidetes; c__Bacteroidia; o__Bacteroidales; f__Porphyromonadaceae; g__Parabacteroides; s__Parabacteroides_merdae	1.0
AB242143	k__Bacteria; p__Bacteroidetes; c__Bacteroidia; o__Bacteroidales; f__Bacteroidaceae; g__Bacteroides; s__Bacteroides_dorei	1.0
AB266102	k__Bacteria; p__Actinobacteria; c__Coriobacteriia; o__Coriobacteriales; f__Coriobacteriaceae; g__Adlercreutzia; s__Adlercreutzia_equolifaciens	0.7142857142857143
AB271048	k__Bacteria; p__Actinobacteria; c__Actinobacteria; o__Micrococcales; f__Microbacteriaceae; g__Microbacterium; s__Microbacterium_ginsengisoli	1.0
AB294142	k__Bacteria; p__Proteobacteria; c__Deltaproteobacteria; o__Desulfovibrionales; f__Desulfovibrionaceae; g__Desulfovibrio; s__Desulfovibrio_vulgaris	1.0
AB355616	k__Bacteria; p__Firmicutes; c__Bacilli; o__Lactobacillales; f__Streptococcaceae; g__Streptococcus; s__Streptococcus_salivarius	0.9
AB355617	k__Bacteria; p__Firmicutes; c__Bacilli; o__Lactobacillales; f__Streptococcaceae; g__Streptococcus; s__Streptococcus_mitis	0.6
AB370250	k__Bacteria; p__Proteobacteria; c__Betaproteobacteria; o__Burkholderiales; f__Alcaligenaceae; g__Parasutterella; s__Parasutterella_excrementihominis	1.0
AB439724	k__Bacteria; p__Firmicutes; c__Clostridia; o__Clostridiales; f__Lachnospiraceae; g__Blautia; s__Blautia_glucerasea	1.0
AB470343	k__Bacteria; p__Bacteroidetes; c__Bacteroidia; o__Bacteroidales; f__Porphyromonadaceae; g__Parabacteroides; s__Parabacteroides_gordonii	1.0
AB510697	k__Bacteria; p__Bacteroidetes; c__Bacteroidia; o__Bacteroidales; f__Bacteroidaceae; g__Bacteroides; s__Bacteroides_caccae	1.0
AB534168	k__Bacteria; p__Firmicutes; c__Clostridia; o__Clostridiales; f__Lachnospiraceae; g__Blautia; s__Blautia_hansenii	1.0
AB547649	k__Bacteria; p__Bacteroidetes; c__Bacteroidia; o__Bacteroidales; f__Porphyromonadaceae; g__Odoribacter; s__Odoribacter_splanchnicus	1.0
AB547667	k__Bacteria; p__Bacteroidetes; c__Bacteroidia; o__Bacteroidales; f__Porphyromonadaceae; g__Porphyromonas; s__Porphyromonas_somerae	1.0
AB547674	k__Bacteria; p__Bacteroidetes; c__Bacteroidia; o__Bacteroidales; f__Prevotellaceae; g__Prevotella; s__Prevotella_bivia	1.0
AB547676	k__Bacteria; p__Bacteroidetes; c__Bacteroidia; o__Bacteroidales; f__Prevotellaceae; g__Prevotella; s__Prevotella_buccalis	1.0
AB547706	k__Bacteria; p__Bacteroidetes; c__Bacteroidia; o__Bacteroidales; f__Prevotellaceae; g__Prevotella; s__Prevotella_timonensis	1.0
AB554232	k__Bacteria; p__Bacteroidetes; c__Bacteroidia; o__Bacteroidales; f__Rikenellaceae; g__Alistipes; s__Alistipes_putredinis	1.0
AB554233	k__Bacteria; p__Bacteroidetes; c__Bacteroidia; o__Bacteroidales; f__Rikenellaceae; g__Alistipes; s__Alistipes_shahii	1.0
AB558167	k__Bacteria; p__Actinobacteria; c__Coriobacteriia; o__Coriobacteriales; f__Coriobacteriaceae; g__Eggerthella; s__Eggerthella_lenta	1.0
AB574481	k__Bacteria; p__Bacteroidetes; c__Bacteroidia; o__Bacteroidales; f__Bacteroidaceae; g__Bacteroides; s__Bacteroides_intestinalis	0.7
AB595128	k__Bacteria; p__Firmicutes; c__Erysipelotrichia; o__Erysipelotrichales; f__Erysipelotrichaceae; g__Erysipelatoclostridium; s__Erysipelatoclostridium_ramosum	1.0
AB595135	k__Bacteria; p__Actinobacteria; c__Coriobacteriia; o__Coriobacteriales; f__Coriobacteriaceae; g__Collinsella; s__Collinsella_aerofaciens	1.0
AB600998	k__Bacteria; p__Firmicutes; c__Clostridia; o__Clostridiales; f__Lachnospiraceae; g__Blautia; s__Blautia_producta	1.0
AB649278	k__Bacteria; p__Firmicutes; c__Clostridia; o__Clostridiales; f__Lachnospiraceae; g__Lachnoclostridium	1.0
AB698910	k__Bacteria; p__Firmicutes; c__Clostridia; o__Clostridiales; f__Lachnospiraceae; g__Fusicatenibacter; s__Fusicatenibacter_saccharivorans	1.0
AB698913	k__Bacteria; p__Firmicutes; c__Clostridia; o__Clostridiales; f__Lachnospiraceae; g__Fusicatenibacter; s__Fusicatenibacter_saccharivorans	1.0
AB775575	k__Bacteria; p__Firmicutes; c__Bacilli; o__Bacillales; f__Family_XI; g__Gemella; s__Gemella_sanguinis	1.0
AB910737	k__Bacteria; p__Firmicutes; c__Clostridia; o__Clostridiales; f__Lachnospiraceae; g__Lachnoclostridium; s__Clostridium_hylemonae	1.0
AB916501	k__Bacteria; p__Bacteroidetes; c__Bacteroidia; o__Bacteroidales; f__Porphyromonadaceae; g__Butyricimonas; s__Butyricimonas_faecihominis	1.0
AB932543	k__Bacteria; p__Actinobacteria; c__Actinobacteria; o__Bifidobacteriales; f__Bifidobacteriaceae; g__Bifidobacterium; s__Bifidobacterium_longum	1.0
ABAX03000009	k__Bacteria; p__Firmicutes; c__Clostridia; o__Clostridiales; f__Lachnospiraceae; g__Anaerostipes; s__Anaerostipes_caccae	1.0
ABDX01000067	k__Bacteria; p__Firmicutes; c__Clostridia; o__Clostridiales; f__Clostridiaceae_1; g__Clostridium_sensu_stricto_1; s__Clostridium_perfringens	1.0
ABFZ02000011	k__Bacteria; p__Bacteroidetes; c__Bacteroidia; o__Bacteroidales; f__Bacteroidaceae; g__Bacteroides; s__Bacteroides_stercoris	1.0
ABIK02000013	k__Bacteria; p__Firmicutes; c__Erysipelotrichia; o__Erysipelotrichales; f__Erysipelotrichaceae; g__Erysipelatoclostridium; s__Clostridium_spiroforme	1.0
ABVR01000038	k__Bacteria; p__Firmicutes; c__Clostridia; o__Clostridiales; f__Lachnospiraceae; g__Coprococcus_3; s__Coprococcus_comes	1.0
ACEP01000116	k__Bacteria; p__Firmicutes; c__Clostridia; o__Clostridiales; f__Lachnospiraceae; g__Eubacterium_hallii_group; s__Eubacterium_hallii	1.0
ACWG01000065	k__Bacteria; p__Bacteroidetes; c__Bacteroidia; o__Bacteroidales; f__Bacteroidaceae; g__Bacteroides; s__Bacteroides_eggerthii	1.0
ACWN01000099	k__Bacteria; p__Actinobacteria; c__Coriobacteriia; o__Coriobacteriales; f__Coriobacteriaceae; g__Eggerthella; s__Eggerthella_sp	1.0
ADLJ01000059	k__Bacteria; p__Firmicutes; c__Clostridia; o__Clostridiales; f__Lachnospiraceae; g__Lachnoclostridium; s__Clostridium_citroniae	1.0
ADLL01000101	k__Bacteria; p__Firmicutes; c__Clostridia; o__Clostridiales; f__Lachnospiraceae; g__Lachnoclostridium; s__Clostridium_clostridioforme	1.0
ADLU01000111	k__Bacteria; p__Firmicutes; c__Clostridia; o__Clostridiales; f__Lachnospiraceae; g__Dorea; s__Dorea_formicigenerans	1.0
AE015928	k__Bacteria; p__Bacteroidetes; c__Bacteroidia; o__Bacteroidales; f__Bacteroidaceae; g__Bacteroides; s__Bacteroides_thetaiotaomicron	1.0
AEPE02000003	k__Bacteria; p__Bacteroidetes; c__Bacteroidia; o__Bacteroidales; f__Prevotellaceae; g__Prevotella; s__Prevotella_oralis	1.0
AF028352	k__Bacteria; p__Firmicutes	1.0
AF262236	k__Bacteria; p__Firmicutes; c__Clostridia; o__Clostridiales; f__Lachnospiraceae; g__Lachnoclostridium; s__Clostridium_scindens	1.0
AF338413	k__Bacteria; p__Firmicutes; c__Negativicutes; o__Selenomonadales; f__Veillonellaceae; g__Anaeroglobus; s__Anaeroglobus_geminatus	1.0
AF439641	k__Bacteria; p__Firmicutes; c__Negativicutes; o__Selenomonadales; f__Veillonellaceae; g__Veillonella; s__Veillonella_atypica	1.0
AF537603	k__Bacteria; p__Actinobacteria; c__Actinobacteria; o__Corynebacteriales; f__Corynebacteriaceae; g__Corynebacterium_1; s__Corynebacterium_striatum	0.6
AF537605	k__Bacteria; p__Actinobacteria; c__Actinobacteria; o__Corynebacteriales; f__Corynebacteriaceae; g__Corynebacterium_1; s__Corynebacterium_sundsvallense	1.0
AF542227	k__Bacteria; p__Firmicutes; c__Clostridia; o__Clostridiales; f__Family_XI; g__Finegoldia; s__Finegoldia_magna	1.0
AF542229	k__Bacteria; p__Firmicutes; c__Clostridia; o__Clostridiales; f__Family_XI; g__Anaerococcus; s__Anaerococcus_vaginalis	1.0
AF542230	k__Bacteria; p__Firmicutes; c__Clostridia; o__Clostridiales; f__Family_XI; g__Peptoniphilus; s__Peptoniphilus_lacrimalis	1.0
AF542231	k__Bacteria; p__Firmicutes; c__Clostridia; o__Clostridiales; f__Family_XI; g__Parvimonas; s__Parvimonas_micra	1.0
AGXF01000021	k__Bacteria; p__Bacteroidetes; c__Bacteroidia; o__Bacteroidales; f__Bacteroidaceae; g__Bacteroides; s__Bacteroides_caccae	1.0
AGXZ01000010	k__Bacteria; p__Bacteroidetes; c__Bacteroidia; o__Bacteroidales; f__Bacteroidaceae; g__Bacteroides; s__Bacteroides_vulgatus	1.0
AGYN01000029	k__Bacteria; p__Firmicutes; c__Clostridia; o__Clostridiales; f__Lachnospiraceae; g__Lachnoclostridium	1.0
AGYN01000030	k__Bacteria; p__Firmicutes; c__Clostridia; o__Clostridiales; f__Lachnospiraceae; g__Lachnoclostridium; s__Clostridium_bolteae	0.6666666666666666
AJ006963	k__Bacteria; p__Firmicutes; c__Clostridia; o__Clostridiales; f__Family_XIII; g__Eubacterium_nodatum_group; s__Eubacterium_sulci	1.0
AJ011522	k__Bacteria; p__Firmicutes; c__Clostridia; o__Clostridiales; f__Lachnospiraceae; g__Roseburia; s__Eubacterium_ramulus	1.0
AJ132842	k__Bacteria; p__Firmicutes; c__Clostridia; o__Clostridiales; f__Lachnospiraceae; g__Dorea; s__Dorea_longicatena	1.0
AJ133124	k__Bacteria; p__Firmicutes; c__Clostridia; o__Clostridiales; f__Lachnospiraceae; g__Blautia; s__Blautia_luti	1.0
AJ270473	k__Bacteria; p__Firmicutes; c__Clostridia; o__Clostridiales; f__Lachnospiraceae; g__Roseburia; s__Roseburia_inulinivorans	1.0
AJ270482	k__Bacteria; p__Firmicutes; c__Clostridia; o__Clostridiales; f__Lachnospiraceae; g__Roseburia; s__Roseburia_hominis	1.0
AJ278694	k__Bacteria; p__Actinobacteria; c__Actinobacteria; o__Bifidobacteriales; f__Bifidobacteriaceae; g__Alloscardovia; s__Alloscardovia_omnicolens	1.0
AJ315980	k__Bacteria; p__Firmicutes; c__Clostridia; o__Clostridiales; f__Ruminococcaceae; g__Anaerotruncus; s__Anaerotruncus_colihominis	1.0
AJ413954	k__Bacteria; p__Firmicutes; c__Clostridia; o__Clostridiales; f__Ruminococcaceae; g__Faecalibacterium; s__Faecalibacterium_prausnitzii	1.0
AJ438042	k__Bacteria; p__Actinobacteria; c__Actinobacteria; o__Corynebacteriales; f__Corynebacteriaceae; g__Corynebacterium_1; s__Corynebacterium_tuberculostearicum	0.9
AJ576085	k__Bacteria; p__Actinobacteria; c__Actinobacteria; o__Actinomycetales; f__Actinomycetaceae; g__Mobiluncus; s__Mobiluncus_mulieris	0.9
AJ867037	k__Bacteria; p__Fusobacteria; c__Fusobacteriia; o__Fusobacteriales; f__Fusobacteriaceae; g__Fusobacterium; s__Fusobacterium_ulcerans	1.0
AM084228	k__Bacteria; p__Actinobacteria; c__Actinobacteria; o__Actinomycetales; f__Actinomycetaceae; g__Actinomyces; s__Actinomyces_neuii	1.0
AM084230	k__Bacteria; p__Actinobacteria; c__Actinobacteria; o__Actinomycetales; f__Actinomycetaceae; g__Actinomyces; s__Actinomyces_europaeus	1.0
AM230650	k__Bacteria; p__Bacteroidetes; c__Bacteroidia; o__Bacteroidales; f__Bacteroidaceae; g__Bacteroides; s__Bacteroides_xylanisolvens	1.0
AP010969	k__Bacteria; p__Firmicutes; c__Bacilli; o__Lactobacillales; f__Streptococcaceae; g__Streptococcus; s__Streptococcus_intermedius	0.9
AQOB01000015	k__Bacteria; p__Firmicutes; c__Clostridia; o__Clostridiales; f__Ruminococcaceae; g__Butyricicoccus; s__Butyricicoccus_pullicaecorum	1.0
ASSM01000019	k__Bacteria; p__Bacteroidetes; c__Bacteroidia; o__Bacteroidales; f__Bacteroidaceae; g__Bacteroides; s__Bacteroides_thetaiotaomicron	1.0
ASSQ01000021	k__Bacteria; p__Bacteroidetes; c__Bacteroidia; o__Bacteroidales; f__Porphyromonadaceae; g__Parabacteroides; s__Parabacteroides_goldsteinii	1.0
ATFI01000022	k__Bacteria; p__Bacteroidetes; c__Bacteroidia; o__Bacteroidales; f__Bacteroidaceae; g__Bacteroides; s__Bacteroides_cellulosilyticus	1.0
ATFP01000001	k__Bacteria; p__Bacteroidetes; c__Bacteroidia; o__Bacteroidales; f__Bacteroidaceae; g__Bacteroides; s__Bacteroides_stercoris	1.0
ATUT01000005	k__Bacteria; p__Firmicutes; c__Erysipelotrichia; o__Erysipelotrichales; f__Erysipelotrichaceae; g__Faecalicoccus; s__Faecalicoccus_pleomorphus	1.0
AY033434	k__Bacteria; p__Firmicutes; c__Clostridia; o__Clostridiales; f__Lachnospiraceae; g__Tyzzerella; s__Clostridium_lactatifermentans	1.0
AY044916	k__Bacteria; p__Firmicutes; c__Erysipelotrichia; o__Erysipelotrichales; f__Erysipelotrichaceae; g__Solobacterium; s__Solobacterium_moorei	1.0
AY162469	k__Bacteria; p__Firmicutes; c__Negativicutes; o__Selenomonadales; f__Veillonellaceae; g__Dialister; s__Dialister_invisus	1.0
AY169419	k__Bacteria; p__Firmicutes; c__Clostridia; o__Clostridiales; f__Lachnospiraceae; g__Blautia	0.8
AY286546	k__Bacteria; p__Proteobacteria; c__Betaproteobacteria; o__Neisseriales; f__Neisseriaceae; g__Eikenella	1.0
AY305310	k__Bacteria; p__Firmicutes; c__Clostridia; o__Clostridiales; f__Lachnospiraceae; g__Roseburia; s__Roseburia_faecis	1.0
AY319392	k__Bacteria; p__Bacteroidetes; c__Bacteroidia; o__Bacteroidales; f__Bacteroidaceae; g__Bacteroides; s__Bacteroides_thetaiotaomicron	1.0
AY365452	k__Bacteria; p__Proteobacteria; c__Gammaproteobacteria; o__Pasteurellales; f__Pasteurellaceae; g__Haemophilus; s__Haemophilus_parainfluenzae	1.0
AY438672	k__Bacteria; p__Firmicutes; c__Clostridia; o__Clostridiales; f__Peptostreptococcaceae; g__Intestinibacter; s__Intestinibacter_bartlettii	0.8333333333333334
AY525790	k__Bacteria; p__Firmicutes; c__Bacilli; o__Lactobacillales; f__Streptococcaceae; g__Streptococcus; s__Streptococcus_mitis	0.8
AY546096	k__Bacteria; p__Actinobacteria; c__Actinobacteria; o__Corynebacteriales; f__Corynebacteriaceae; g__Corynebacterium_1; s__Corynebacterium_aurimucosum	0.9
AY570514	k__Bacteria; p__Bacteroidetes; c__Bacteroidia; o__Bacteroidales; f__Porphyromonadaceae; g__Porphyromonas; s__Porphyromonas_uenonis	1.0
AY608697	k__Bacteria; p__Bacteroidetes; c__Bacteroidia; o__Bacteroidales; f__Bacteroidaceae; g__Bacteroides; s__Bacteroides_nordii	1.0
AY652736	k__Bacteria; p__Bacteroidetes; c__Bacteroidia; o__Bacteroidales; f__Bacteroidaceae; g__Bacteroides; s__Bacteroides_ovatus	1.0
AY764158	k__Bacteria	1.0
AY850119	k__Bacteria; p__Firmicutes; c__Negativicutes; o__Selenomonadales; f__Veillonellaceae; g__Dialister; s__Dialister_propionicifaciens	1.0
AY974070	k__Bacteria; p__Bacteroidetes; c__Bacteroidia; o__Bacteroidales; f__Porphyromonadaceae; g__Parabacteroides; s__Parabacteroides_goldsteinii	1.0
AY974071	k__Bacteria; p__Bacteroidetes; c__Bacteroidia; o__Bacteroidales; f__Rikenellaceae; g__Alistipes; s__Alistipes_onderdonkii	0.8
AZJE01000037	k__Bacteria; p__Firmicutes; c__Clostridia; o__Clostridiales; f__Lachnospiraceae; g__Lachnoclostridium; s__Ruminococcus_lactaris	0.7777777777777778
AZMI01000001	k__Bacteria; p__Actinobacteria; c__Actinobacteria; o__Actinomycetales; f__Actinomycetaceae; g__Varibaculum; s__Varibaculum_cambriense	1.0
BAEW01000035	k__Bacteria; p__Firmicutes; c__Clostridia; o__Clostridiales; f__Family_XI; g__Peptoniphilus; s__Peptoniphilus_rhinitidis	1.0
CAEN01000062	k__Bacteria; p__Firmicutes; c__Erysipelotrichia; o__Erysipelotrichales; f__Erysipelotrichaceae; g__Dielma; s__Dielma_fastidiosa	1.0
CAGZ01000034	k__Bacteria; p__Actinobacteria; c__Coriobacteriia; o__Coriobacteriales; f__Coriobacteriaceae; g__Collinsella; s__Enorma_massiliensis	1.0
CAHB01000032	k__Bacteria; p__Firmicutes; c__Clostridia; o__Clostridiales; f__Family_XI; g__Peptoniphilus; s__Peptoniphilus_obesi	1.0
CP000140	k__Bacteria; p__Bacteroidetes; c__Bacteroidia; o__Bacteroidales; f__Porphyromonadaceae; g__Parabacteroides; s__Parabacteroides_distasonis	1.0
CP001107	k__Bacteria; p__Firmicutes; c__Clostridia; o__Clostridiales; f__Lachnospiraceae; g__Pseudobutyrivibrio; s__Eubacterium_rectale	1.0
CP002544	k__Bacteria; p__Bacteroidetes; c__Bacteroidia; o__Bacteroidales; f__Porphyromonadaceae; g__Odoribacter; s__Odoribacter_splanchnicus	1.0
CP003058	k__Bacteria; p__Firmicutes; c__Negativicutes; o__Selenomonadales; f__Acidaminococcaceae; g__Acidaminococcus; s__Acidaminococcus_intestini	1.0
CP003274	k__Bacteria; p__Bacteroidetes; c__Bacteroidia; o__Bacteroidales; f__Rikenellaceae; g__Alistipes; s__Alistipes_finegoldii	1.0
CP003723	k__Bacteria; p__Fusobacteria; c__Fusobacteriia; o__Fusobacteriales; f__Fusobacteriaceae; g__Fusobacterium; s__Fusobacterium_nucleatum	1.0
CP008889	k__Bacteria; p__Actinobacteria; c__Actinobacteria; o__Micrococcales; f__Dermacoccaceae; g__Dermacoccus; s__Dermacoccus_nishinomiyaensis	1.0
CQ889264	k__Bacteria; p__Firmicutes; c__Clostridia; o__Clostridiales; f__Lachnospiraceae; g__Eubacterium_hallii_group; s__Eubacterium_hallii	1.0
CQ889266	k__Bacteria; p__Firmicutes; c__Clostridia; o__Clostridiales; f__Lachnospiraceae; g__Anaerostipes; s__Anaerostipes_hadrus	0.8
D14140	k__Bacteria; p__Firmicutes; c__Clostridia; o__Clostridiales; f__Family_XI; g__Anaerococcus; s__Anaerococcus_hydrogenalis	1.0
DI141025	k__Bacteria; p__Firmicutes; c__Bacilli; o__Lactobacillales; f__Streptococcaceae; g__Lactococcus; s__Lactococcus_lactis	1.0
DM464569	k__Bacteria; p__Firmicutes; c__Clostridia; o__Clostridiales; f__Lachnospiraceae; g__Tyzzerella_4; s__Tyzzerella_nexilis	1.0
DQ100449	k__Bacteria; p__Firmicutes; c__Clostridia; o__Clostridiales; f__Lachnospiraceae; g__Lactonifactor; s__Lactonifactor_longoviformis	1.0
DQ174168	k__Bacteria; p__Proteobacteria; c__Epsilonproteobacteria; o__Campylobacterales; f__Campylobacteraceae; g__Campylobacter; s__Campylobacter_gracilis	1.0
DQ174182	k__Bacteria; p__Proteobacteria; c__Epsilonproteobacteria; o__Campylobacterales; f__Campylobacteraceae; g__Campylobacter; s__Campylobacter_hominis	1.0
DQ279736	k__Bacteria; p__Firmicutes; c__Clostridia; o__Clostridiales; f__Lachnospiraceae; g__Lachnoclostridium; s__Clostridium_aldenense	1.0
DQ358131	k__Bacteria; p__Proteobacteria; c__Gammaproteobacteria; o__Enterobacteriales; f__Enterobacteriaceae; g__Morganella; s__Morganella_morganii	1.0
DQ497994	k__Bacteria; p__Firmicutes; c__Clostridia; o__Clostridiales; f__Lachnospiraceae; g__Lachnospira	1.0
DQ518919	k__Bacteria; p__Bacteroidetes; c__Bacteroidia; o__Bacteroidales; f__Prevotellaceae; g__Prevotella; s__Prevotella_timonensis	1.0
DQ789120	k__Bacteria; p__Actinobacteria; c__Coriobacteriia; o__Coriobacteriales; f__Coriobacteriaceae; g__Enterorhabdus; s__Enterorhabdus_caecimuris	1.0
DQ911241	k__Bacteria; p__Firmicutes; c__Clostridia; o__Clostridiales; f__Family_XI; g__Peptoniphilus; s__Peptoniphilus_gorbachii	1.0
DQ911243	k__Bacteria; p__Firmicutes; c__Clostridia; o__Clostridiales; f__Family_XI; g__Anaerococcus; s__Anaerococcus_murdochii	1.0
DQ986463	k__Bacteria; p__Firmicutes; c__Clostridia; o__Clostridiales; f__Family_XI; g__Peptoniphilus	1.0
EF025909	k__Bacteria; p__Firmicutes; c__Clostridia; o__Clostridiales; f__Lachnospiraceae; g__Lachnoclostridium; s__Clostridium_symbiosum	1.0
EF031542	k__Bacteria; p__Firmicutes; c__Clostridia; o__Clostridiales; f__Lachnospiraceae; g__Coprococcus_3; s__Coprococcus_comes	1.0
EF036467	k__Bacteria; p__Firmicutes; c__Clostridia; o__Clostridiales	1.0
EF185168	k__Bacteria; p__Firmicutes; c__Negativicutes; o__Selenomonadales; f__Veillonellaceae; g__Veillonella	1.0
EF436500	k__Bacteria; p__Synergistetes; c__Synergistia; o__Synergistales; f__Synergistaceae; g__Jonquetella; s__Jonquetella_anthropi	1.0
EF530560	k__Bacteria; p__Proteobacteria; c__Gammaproteobacteria; o__Enterobacteriales; f__Enterobacteriaceae	1.0
EF564278	k__Bacteria; p__Firmicutes; c__Clostridia; o__Clostridiales; f__Lachnospiraceae; g__Lachnoclostridium	1.0
EU083530	k__Bacteria; p__Proteobacteria; c__Gammaproteobacteria; o__Pasteurellales; f__Pasteurellaceae; g__Haemophilus; s__Haemophilus_parainfluenzae	1.0
EU136682	k__Bacteria; p__Bacteroidetes; c__Bacteroidia; o__Bacteroidales; f__Bacteroidaceae; g__Bacteroides; s__Bacteroides_ovatus	1.0
EU139255	k__Bacteria; p__Firmicutes; c__Clostridia; o__Clostridiales; f__Lachnospiraceae; g__Lachnoclostridium; s__Ruminococcus_gnavus	1.0
EU309492	k__Bacteria; p__Synergistetes; c__Synergistia; o__Synergistales; f__Synergistaceae; g__Pyramidobacter; s__Pyramidobacter_piscolens	1.0
EU429939	k__Bacteria; p__Proteobacteria; c__Betaproteobacteria; o__Burkholderiales; f__Burkholderiaceae; g__Cupriavidus; s__Cupriavidus_metallidurans	1.0
EU483153	k__Bacteria; p__Firmicutes; c__Clostridia; o__Clostridiales; f__Family_XI; g__Murdochiella; s__Murdochiella_asaccharolytica	1.0
EU526291	k__Bacteria; p__Firmicutes; c__Clostridia; o__Clostridiales; f__Family_XI; g__Peptoniphilus; s__Peptoniphilus_koenoeneniae	1.0
EU541436	k__Bacteria; p__Firmicutes; c__Clostridia; o__Clostridiales; f__Ruminococcaceae; g__Flavonifractor; s__Flavonifractor_plautii	1.0
EU541439	k__Bacteria; p__Firmicutes; c__Clostridia; o__Clostridiales; f__Ruminococcaceae; g__Flavonifractor; s__Flavonifractor_plautii	1.0
EU722739	k__Bacteria; p__Bacteroidetes; c__Bacteroidia; o__Bacteroidales; f__Bacteroidaceae; g__Bacteroides; s__Bacteroides_faecis	0.8
EU977835	k__Bacteria; p__Firmicutes; c__Bacilli; o__Bacillales; f__Staphylococcaceae; g__Staphylococcus; s__Staphylococcus_hominis	1.0
FJ154797	k__Bacteria; p__Firmicutes; c__Bacilli; o__Lactobacillales; f__Streptococcaceae; g__Streptococcus; s__Streptococcus_salivarius	1.0
FJ263921	k__Bacteria; p__Proteobacteria; c__Gammaproteobacteria; o__Pseudomonadales; f__Moraxellaceae; g__Acinetobacter; s__Acinetobacter_ursingii	0.7
FJ715928	k__Bacteria; p__Firmicutes; c__Negativicutes; o__Selenomonadales; f__Veillonellaceae; g__Negativicoccus; s__Negativicoccus_succinicivorans	1.0
FJ751783	k__Bacteria; p__Firmicutes; c__Bacilli; o__Lactobacillales; f__Lactobacillaceae; g__Lactobacillus; s__Lactobacillus_salivarius	1.0
FJ939584	k__Bacteria; p__Proteobacteria; c__Gammaproteobacteria; o__Pasteurellales; f__Pasteurellaceae; g__Haemophilus; s__Haemophilus_parainfluenzae	1.0
FN401324	k__Bacteria; p__Proteobacteria; c__Epsilonproteobacteria; o__Campylobacterales; f__Campylobacteraceae; g__Campylobacter; s__Campylobacter_ureolyticus	1.0
FN401326	k__Bacteria; p__Proteobacteria; c__Epsilonproteobacteria; o__Campylobacterales; f__Campylobacteraceae; g__Campylobacter; s__Campylobacter_ureolyticus	1.0
FP929042	k__Bacteria; p__Firmicutes; c__Clostridia; o__Clostridiales; f__Lachnospiraceae; g__Pseudobutyrivibrio; s__Eubacterium_rectale	1.0
FP929059	k__Bacteria; p__Firmicutes; c__Clostridia; o__Clostridiales; f__Ruminococcaceae; g__Ruminiclostridium_6; s__Eubacterium_siraeum	1.0
FR749933	k__Bacteria; p__Firmicutes; c__Clostridia; o__Clostridiales; f__Lachnospiraceae; g__Anaerostipes; s__Anaerostipes_hadrus	0.8
FR749935	k__Bacteria; p__Firmicutes; c__Clostridia; o__Clostridiales; f__Lachnospiraceae; g__Lachnoclostridium; s__Eubacterium_fissicatena	0.7142857142857143
FR798912	k__Bacteria; p__Firmicutes; c__Clostridia; o__Clostridiales; f__Family_XI; g__Peptoniphilus; s__Candidatus_Peptoniphilus_massiliensis	1.0
FR870271	k__Bacteria; p__Firmicutes; c__Bacilli; o__Bacillales; f__Staphylococcaceae; g__Staphylococcus; s__Staphylococcus_lugdunensis	1.0
GAJK01095101	k__Bacteria; p__Proteobacteria	1.0
GQ301042	k__Bacteria; p__Fusobacteria; c__Fusobacteriia; o__Fusobacteriales; f__Fusobacteriaceae; g__Fusobacterium; s__Fusobacterium_nucleatum	1.0
GU561393	k__Bacteria; p__Firmicutes; c__Bacilli; o__Lactobacillales; f__Streptococcaceae; g__Streptococcus; s__Streptococcus_parasanguinis	1.0
GU561405	k__Bacteria; p__Firmicutes; c__Bacilli; o__Bacillales; f__Family_XI; g__Gemella; s__Gemella_morbillorum	1.0
GU591823	k__Bacteria; p__Firmicutes; c__Bacilli; o__Lactobacillales; f__Leuconostocaceae; g__Leuconostoc; s__Leuconostoc_gelidum	1.0
GU591836	k__Bacteria; p__Firmicutes; c__Bacilli; o__Lactobacillales; f__Leuconostocaceae; g__Leuconostoc; s__Leuconostoc_mesenteroides	0.9
GU938836	k__Bacteria; p__Firmicutes; c__Clostridia; o__Clostridiales; f__Family_XI; g__Peptoniphilus; s__Peptoniphilus_coxii	1.0
GU968166	k__Bacteria; p__Bacteroidetes; c__Bacteroidia; o__Bacteroidales; f__Bacteroidaceae; g__Bacteroides; s__Bacteroides_ovatus	1.0
HF545616	k__Bacteria; p__Firmicutes; c__Clostridia; o__Clostridiales; f__Ruminococcaceae; g__Ruminococcus_1; s__Ruminococcus_bicirculans	1.0
HF558387	k__Bacteria; p__Firmicutes; c__Clostridia; o__Clostridiales; f__Family_XI; g__Ezakiella; s__Bacteroides_coagulans	1.0
HH793440	k__Bacteria; p__Firmicutes; c__Clostridia; o__Clostridiales; f__Ruminococcaceae; g__Butyricicoccus; s__Butyricicoccus_pullicaecorum	1.0
HM007565	k__Bacteria; p__Firmicutes; c__Clostridia; o__Clostridiales; f__Lachnospiraceae; g__Roseburia; s__Roseburia_intestinalis	1.0
HM007585	k__Bacteria; p__Bacteroidetes; c__Bacteroidia; o__Bacteroidales; f__Bacteroidaceae; g__Bacteroides; s__Bacteroides_fragilis	1.0
HM126553	k__Bacteria; p__Firmicutes; c__Bacilli; o__Bacillales; f__Staphylococcaceae; g__Staphylococcus; s__Staphylococcus_epidermidis	1.0
HM192792	k__Bacteria; p__Proteobacteria; c__Gammaproteobacteria; o__Pseudomonadales; f__Pseudomonadaceae; g__Pseudomonas; s__Pseudomonas_aeruginosa	0.9
HM347074	k__Bacteria; p__Fusobacteria; c__Fusobacteriia; o__Fusobacteriales; f__Fusobacteriaceae; g__Fusobacterium; s__Fusobacterium_nucleatum	1.0
HM626178	k__Bacteria; p__Firmicutes; c__Clostridia; o__Clostridiales; f__Lachnospiraceae; g__Blautia; s__Blautia_faecis	1.0
HQ455040	k__Bacteria; p__Firmicutes; c__Clostridia; o__Clostridiales; f__Ruminococcaceae; g__Flavonifractor; s__Flavonifractor_plautii	1.0
HQ591418	k__Bacteria; p__Proteobacteria; c__Deltaproteobacteria; o__Desulfovibrionales; f__Desulfovibrionaceae; g__Desulfovibrio; s__Desulfovibrio_desulfuricans	1.0
JF506650	k__Bacteria; p__Proteobacteria; c__Gammaproteobacteria; o__Pasteurellales; f__Pasteurellaceae; g__Haemophilus; s__Haemophilus_parainfluenzae	1.0
JF803601	k__Bacteria; p__Actinobacteria; c__Actinobacteria; o__Actinomycetales; f__Actinomycetaceae; g__Actinomyces; s__Actinomyces_odontolyticus	1.0
JFCR01000004	k__Bacteria; p__Actinobacteria; c__Actinobacteria; o__Corynebacteriales; f__Corynebacteriaceae; g__Corynebacterium_1; s__Corynebacterium_jeikeium	1.0
JGDU01000253	k__Bacteria; p__Bacteroidetes; c__Bacteroidia; o__Bacteroidales; f__Bacteroidaceae; g__Bacteroides; s__Bacteroides_fragilis	1.0
JN037416	k__Bacteria; p__Firmicutes; c__Clostridia; o__Clostridiales; f__Ruminococcaceae; g__Faecalibacterium; s__Faecalibacterium_prausnitzii	1.0
JN084203	k__Bacteria; p__Bacteroidetes; c__Bacteroidia; o__Bacteroidales; f__Bacteroidaceae; g__Bacteroides; s__Bacteroides_thetaiotaomicron	1.0
JN787170	k__Bacteria; p__Firmicutes; c__Bacilli; o__Lactobacillales; f__Streptococcaceae; g__Streptococcus; s__Streptococcus_anginosus	1.0
JN837491	k__Bacteria; p__Firmicutes; c__Clostridia; o__Clostridiales; f__Family_XI; g__Peptoniphilus; s__Peptoniphilus_grossensis	1.0
JN873344	k__Bacteria; p__Bacteroidetes; c__Bacteroidia; o__Bacteroidales; f__Bacteroidaceae; g__Bacteroides; s__Bacteroides_uniformis	1.0
JN989551	k__Bacteria; p__Firmicutes; c__Bacilli; o__Lactobacillales; f__Enterococcaceae; g__Enterococcus; s__Enterococcus_avium	0.9
JNHN01000175	k__Bacteria; p__Bacteroidetes; c__Bacteroidia; o__Bacteroidales; f__Bacteroidaceae; g__Bacteroides; s__Bacteroides_uniformis	1.0
JNHQ01000190	k__Bacteria; p__Bacteroidetes; c__Bacteroidia; o__Bacteroidales; f__Porphyromonadaceae; g__Parabacteroides; s__Parabacteroides_distasonis	1.0
JPJG01000126	k__Bacteria; p__Firmicutes; c__Clostridia; o__Clostridiales; f__Ruminococcaceae; g__Ruminococcaceae_UCG002; s__Oscillibacter_sp	1.0
JQ282807	k__Bacteria; p__Actinobacteria; c__Actinobacteria; o__Corynebacteriales; f__Corynebacteriaceae; g__Corynebacterium_1; s__Corynebacterium_mucifaciens	0.6
JQ904752	k__Bacteria; p__Proteobacteria; c__Gammaproteobacteria; o__Enterobacteriales; f__Enterobacteriaceae; g__EscherichiaShigella; s__Escherichia_coli	1.0
JRKW01000037	k__Bacteria; p__Proteobacteria; c__Gammaproteobacteria; o__Enterobacteriales; f__Enterobacteriaceae; g__Morganella; s__Morganella_morganii	1.0
JSRP01000008	k__Bacteria; p__Proteobacteria; c__Gammaproteobacteria; o__Enterobacteriales; f__Enterobacteriaceae; g__EscherichiaShigella; s__Escherichia_coli	1.0
JX101687	k__Bacteria; p__Firmicutes; c__Clostridia; o__Clostridiales; f__Lachnospiraceae; g__Lachnoclostridium; s__Candidatus_Dorea_massiliensis_AP6	1.0
JX435052	k__Bacteria; p__Actinobacteria; c__Actinobacteria; o__Propionibacteriales; f__Propionibacteriaceae; g__Propionibacterium; s__Propionibacterium_avidum	0.8333333333333334
KC311367	k__Bacteria; p__Firmicutes; c__Clostridia; o__Clostridiales; f__Ruminococcaceae; g__Intestinimonas; s__Intestinimonas_butyriciproducens	1.0
KC589366	k__Bacteria; p__Firmicutes; c__Bacilli; o__Lactobacillales; f__Streptococcaceae; g__Streptococcus; s__Streptococcus_oralis	0.6
KF148833	k__Bacteria; p__Firmicutes; c__Bacilli; o__Lactobacillales; f__Streptococcaceae; g__Streptococcus; s__Streptococcus_salivarius	1.0
KF240720	k__Bacteria; p__Proteobacteria; c__Gammaproteobacteria; o__Enterobacteriales; f__Enterobacteriaceae; g__Proteus; s__Proteus_mirabilis	0.9
KF742682	k__Bacteria; p__Proteobacteria; c__Gammaproteobacteria; o__Enterobacteriales; f__Enterobacteriaceae; g__Morganella; s__Morganella_morganii	1.0
KF814111	k__Bacteria; p__Firmicutes; c__Clostridia; o__Clostridiales; f__Lachnospiraceae; g__Eisenbergiella; s__Eisenbergiella_tayi	1.0
KF830695	k__Bacteria; p__Bacteroidetes; c__Bacteroidia; o__Bacteroidales; f__Bacteroidaceae; g__Bacteroides; s__Bacteroides_uniformis	1.0
KJ607242	k__Bacteria; p__Firmicutes; c__Bacilli; o__Bacillales; f__Staphylococcaceae; g__Staphylococcus; s__Staphylococcus_haemolyticus	0.8
KM095956	k__Bacteria; p__Proteobacteria; c__Gammaproteobacteria; o__Enterobacteriales; f__Enterobacteriaceae; g__EscherichiaShigella; s__Escherichia_coli	1.0
KM099449	k__Bacteria; p__Actinobacteria; c__Actinobacteria; o__Propionibacteriales; f__Propionibacteriaceae; g__Propionibacterium; s__Propionibacterium_acnes	0.9
L16465	k__Bacteria; p__Bacteroidetes; c__Bacteroidia; o__Bacteroidales; f__Prevotellaceae; g__Prevotella_6; s__Prevotella_corporis	1.0
L16485	k__Bacteria; p__Bacteroidetes; c__Bacteroidia; o__Bacteroidales; f__Bacteroidaceae; g__Bacteroides; s__Bacteroides_eggerthii	1.0
L34420	k__Bacteria; p__Firmicutes; c__Clostridia; o__Clostridiales; f__Lachnospiraceae; g__Eubacterium; s__Eubacterium_eligens	1.0
L34421	k__Bacteria; p__Firmicutes; c__Clostridia; o__Clostridiales; f__Lachnospiraceae; g__Eubacterium_ventriosum_group; s__Eubacterium_ventriosum	1.0
L35148	k__Bacteria; p__Proteobacteria; c__Deltaproteobacteria; o__Desulfovibrionales; f__Desulfovibrionaceae; g__Bilophila; s__Bilophila_wadsworthia	1.0
L76597	k__Bacteria; p__Firmicutes; c__Clostridia; o__Clostridiales; f__Lachnospiraceae; g__Lachnoclostridium; s__Ruminococcus_gnavus	1.0
L76600	k__Bacteria; p__Firmicutes; c__Clostridia; o__Clostridiales; f__Ruminococcaceae; g__Ruminococcus_2; s__Ruminococcus_bromii	1.0
L76604	k__Bacteria; p__Firmicutes; c__Clostridia; o__Clostridiales; f__Lachnospiraceae; g__Lachnoclostridium; s__Ruminococcus_torques	1.0
LC010692	k__Bacteria; p__Firmicutes; c__Clostridia; o__Clostridiales; f__Lachnospiraceae; g__Blautia; s__Blautia_luti	1.0
M23732	k__Bacteria; p__Firmicutes; c__Erysipelotrichia; o__Erysipelotrichales; f__Erysipelotrichaceae; g__Clostridium; s__Clostridium_innocuum	1.0
X72865	k__Bacteria; p__Firmicutes; c__Negativicutes; o__Selenomonadales; f__Acidaminococcaceae; g__Phascolarctobacterium; s__Phascolarctobacterium_faecium	1.0
X82050	k__Bacteria; p__Actinobacteria; c__Actinobacteria; o__Corynebacteriales; f__Corynebacteriaceae; g__Corynebacterium_1; s__Corynebacterium_amycolatum	1.0
X82500	k__Bacteria; p__Firmicutes; c__Negativicutes; o__Selenomonadales; f__Veillonellaceae; g__Dialister; s__Dialister_pneumosintes	1.0
X85101	k__Bacteria; p__Firmicutes; c__Clostridia; o__Clostridiales; f__Lachnospiraceae; g__Blautia; s__Ruminococcus_obeum	1.0
X95624	k__Bacteria; p__Firmicutes; c__Clostridia; o__Clostridiales; f__Lachnospiraceae; g__Blautia; s__Blautia_hydrogenotrophica	1.0
Y07839	k__Bacteria; p__Firmicutes; c__Clostridia; o__Clostridiales; f__Family_XI; g__Peptoniphilus; s__Peptoniphilus_harei	1.0
Y07841	k__Bacteria; p__Firmicutes; c__Clostridia; o__Clostridiales; f__Family_XI; g__Anaerococcus; s__Anaerococcus_octavius	1.0
Y10772	k__Bacteria; p__Firmicutes; c__Bacilli; o__Lactobacillales; f__Aerococcaceae; g__Facklamia; s__Facklamia_hominis	1.0
Y11466	k__Bacteria; p__Firmicutes; c__Erysipelotrichia; o__Erysipelotrichales; f__Erysipelotrichaceae; g__Holdemania; s__Holdemania_filiformis	1.0
Y18176	k__Bacteria; p__Firmicutes; c__Clostridia; o__Clostridiales; f__Clostridiaceae_1; g__Clostridium_sensu_stricto_1; s__Clostridium_celatum	0.6666666666666666
Y18186	k__Bacteria; p__Firmicutes; c__Clostridia; o__Clostridiales; f__Lachnospiraceae; g__Lachnoclostridium; s__Clostridium_scindens	1.0
a0347163daa3f0f89d26644c7c0bc2be	Unassigned	1.0
a092db00ca4d300dd6865e9f7751bb7b	Unassigned	1.0
a2b361cb14ca4bd75b0bce97665ad638	Unassigned	1.0
a462badb241b0e2f155616f800b7a43e	Unassigned	1.0
a5e73d54313e80e2bd40d446fe08c24b	Unassigned	1.0
a84bfd069baf128ca503cb5c420840df	Unassigned	1.0
a8796fcc6bdec201dc77a4e6bf479f1c	Unassigned	1.0
acc759763e7f42f4a97062208ac33b8c	Unassigned	1.0
ae48f504508c45b2682045edecb008e2	Unassigned	1.0
ae539b30bd31e01630a9e04085bebe11	Unassigned	1.0
af95206f51b941445db398a6639497d7	Unassigned	1.0
af9849f4301763fcada09c43ec6a2042	Unassigned	1.0
b028cccd472595f0cecd0fddf3854a6d	Unassigned	1.0
b15892201a121b8ad3e82439fec6e201	Unassigned	1.0
b1d0e2358a96d2cdc49b3c533c298953	Unassigned	1.0
b23014b10f9423056682ec9eae7db8c7	Unassigned	1.0
b2c913509825bd0128cac96940ba301b	Unassigned	1.0
b3158e1bba11df08dbaa684b802f9f2b	Unassigned	1.0
b489ff471c1f091ce854e7bbf1770e4d	Unassigned	1.0
b5c563c50f8ad46b6c0425e1f982cc86	Unassigned	1.0
b5ceca2a8d88b9a3f74bbf7360fa3e2b	Unassigned	1.0
b76a3a7b762b5019ec6974c97e2c1c6f	Unassigned	1.0
b810e8ce1f75f08673dd94fed3bd8669	Unassigned	1.0
b8a48327fd43c01028f6ac256bbd733b	Unassigned	1.0
b9141ef66241624bbd00a54d6b048320	Unassigned	1.0
ba7ef76066befbe5997ab056f2f861fd	Unassigned	1.0
bbef0ac30a29900f2f9404795dca6853	Unassigned	1.0
bc4aadb8cc1ee3f887feeecafa5596e9	Unassigned	1.0
bdda839a2c7552e58269fa608321cea5	Unassigned	1.0
bf90103aa489d81c6220840da8408e66	Unassigned	1.0
bf94b4f9437a110921ac700c8aebc725	Unassigned	1.0
c15704a0f7301a03b72fdd85d05280e2	Unassigned	1.0
c211969acf36adb8649101aab7e7003d	Unassigned	1.0
c2d261cf9b7986c9f7032a0059f24e2d	Unassigned	1.0
c56100a3d085147fe03c1083dabee806	Unassigned	1.0
c60e09af1648c3eba2436e954b9bad87	Unassigned	1.0
c62382afd25e02830a86515c73e488ef	Unassigned	1.0
c64a2aa6669dc46d284bfee76ddb7157	Unassigned	1.0
c65591578b9d654b72dcf57b5b123c9c	Unassigned	1.0
c7aaa0eb238248a3c47156418745e7f2	Unassigned	1.0
c835d135bbb04b6ee0a64e2bfc323b98	Unassigned	1.0
c90ebe88b3b610a372228cefc8a951a4	Unassigned	1.0
caf81d0024839708b76c0063abb4d41f	Unassigned	1.0
cbab90b4a3e9eaddfd155da6c2456de5	Unassigned	1.0
cbd21f5c92ae1111a8e0baf668d5a9fb	Unassigned	1.0
cf9113a6387cdb3396dbe0f4a514e6ac	Unassigned	1.0
d0a5a63fca9271d49b8e1bb1f7671bb4	Unassigned	1.0
d11d9774a72bfaf4bff18535b45168ce	Unassigned	1.0
d175e98e6372d6d4adc8dd662be714a3	Unassigned	1.0
d245da3471736f14fe5195b7bc7cffd7	Unassigned	1.0
d2715ce6c8d2956489089191dd61d05a	Unassigned	1.0
d2bca8673193f1318a14f0104290c288	Unassigned	1.0
d2cb5f70436a87ff27ea24ae873da070	Unassigned	1.0
d396c5a16e5a213d86e70c1cd9ec1f8a	Unassigned	1.0
d6510e7751f7a24c852838b2d60f0654	Unassigned	1.0
d6d6423e1c569e77a705c5eaf857d28c	Unassigned	1.0
d871ffc6433e84e1e883d2ecd1d2f483	Unassigned	1.0
d976e1ebbf8072ca21e47db4022b2430	Unassigned	1.0
d9e6497ca80649dfc60dca303e7c22d9	Unassigned	1.0
db47fc0c165de2f78204a4ed35a08832	Unassigned	1.0
dcf32b5b6a410c36c8aa0e295e9e9aca	Unassigned	1.0
ddf72e79dbb1432686a6d868f3d694e8	Unassigned	1.0
e0bceb6ddf6b6028393aa9c40b02af8d	Unassigned	1.0
e10f80b268ee835116a8f1842d936822	Unassigned	1.0
e4525a60f6448ba90f9f11aa943d976d	Unassigned	1.0
e5b1df709321eca6246de8c94ace2454	Unassigned	1.0
e602ebac2060348db9d18d2093c796f9	Unassigned	1.0
e7e3e748632d51323df051addf949512	Unassigned	1.0
e7ebca6c4fe88f11c2d9709ff21f6d69	Unassigned	1.0
ea12ddc1f0ffcad61e3867585be305e3	Unassigned	1.0
ea8d349c61eb0fa469b25453f15aae4f	Unassigned	1.0
eaa405309bf515c2b3b5f0e766fa46a4	Unassigned	1.0
ec23849f15a67e3f5e39666275c9ff16	Unassigned	1.0
ecb8754c46fa50d81b61a2bb9546dbfe	Unassigned	1.0
ecea880fce5ffbc4909d98555831c7df	Unassigned	1.0
f020558a5849e1fb11e5412e72b0efab	Unassigned	1.0
f1413d577b65fbcd3e5b979587535433	Unassigned	1.0
f3414ff276c3805602af7a90b66e2fea	Unassigned	1.0
f36460c427cec0c0575b7cb8497e777d	Unassigned	1.0
f578dabb7ca9533eba31750e5c6c10d3	Unassigned	1.0
f5fe2d82b225575b7cd00757c688b906	Unassigned	1.0
f67393a06986e144f2442663248c9310	Unassigned	1.0
f68db133bdd83a8359b67e1ea2f986ec	Unassigned	1.0
f7891dbf4746a9272ca0dc52ad4c249d	Unassigned	1.0
f8ebb8a51d2733f0c9a641c3abe44a88	Unassigned	1.0
fafad955ae4e1ee4d3b87a690b682688	Unassigned	1.0
fea0e60350c85a587e91632016d7f846	Unassigned	1.0
